{"cameraMode":{"drawMode":0,"name":"Shaded","section":"Shading Mode"},"sceneLighting":true,"audioPlay":false,"sceneViewState":{"m_AlwaysRefresh":false,"showFog":true,"showSkybox":true,"showFlares":true,"showImageEffects":true,"showParticleSystems":true,"showVisualEffectGraphs":true,"m_FxEnabled":true},"in2DMode":false,"pivot":{"x":-18.50519371032715,"y":-13.765437126159668,"z":123.56591033935547},"rotation":{"x":-0.06549962610006333,"y":0.07448285073041916,"z":-0.013425037264823914,"w":-0.9958251714706421},"size":63.686058044433597,"orthographic":false}