{"cameraMode":{"drawMode":0,"name":"Shaded","section":"Shading Mode"},"sceneLighting":true,"audioPlay":false,"sceneViewState":{"m_AlwaysRefresh":false,"showFog":true,"showSkybox":true,"showFlares":true,"showImageEffects":true,"showParticleSystems":true,"showVisualEffectGraphs":true,"m_FxEnabled":true},"in2DMode":false,"pivot":{"x":1.1616392135620118,"y":-3.2466213703155519,"z":44.43166732788086},"rotation":{"x":0.07941275089979172,"y":0.009866837412118912,"z":-0.0007877781172282994,"w":0.9967972636222839},"size":22.797372817993165,"orthographic":false}