{"cameraMode":{"drawMode":0,"name":"Shaded","section":"Shading Mode"},"sceneLighting":true,"audioPlay":false,"sceneViewState":{"m_AlwaysRefresh":false,"showFog":true,"showSkybox":true,"showFlares":true,"showImageEffects":true,"showParticleSystems":true,"showVisualEffectGraphs":true,"m_FxEnabled":true},"in2DMode":false,"pivot":{"x":6.3115386962890629,"y":-30.68560218811035,"z":181.91465759277345},"rotation":{"x":0.09169000387191773,"y":0.017569422721862794,"z":-0.003038696711882949,"w":0.9961779117584229},"size":93.49040222167969,"orthographic":false}